speed,nKids,energyChildrenThreshold,toEnemies,toFriends,genomeThreshold,pfSize,cause,t,age
2.6994512839265106,1.6140951141047868,2.119571544931896,8.98987638592401,breed,0,0
2.4099041989053065,1.8181495699587682,4.891398380618661,6.259301494020548,breed,0,0
2.6115710908303935,4.672701924108193,2.8489127838309187,4.5879967919893465,breed,0,0
2.270144652832612,3.718515666622228,2.70844307982525,6.423949347659124,breed,0,0
2.420084022909478,1.3027419980220039,5.976353752800285,7.958536949469068,breed,0,0
2.5070319247795365,2.6758940001975744,2.847191486542556,9.201482771315074,breed,0,0
2.0709552298502896,4.442794137400919,3.8186098852357495,6.847319255703695,breed,0,0
2.5939063096566373,4.7254283422425996,1.7791073648661166,4.851571428938679,breed,0,0
4.265604377636018,4.113379926120846,2.9211321744199013,4.387852103544169,natural,0,0
2.113869226860444,4.113975731632966,1.221070313887043,6.707469609346182,breed,0,0
2.0371211471960597,1.9589134253484177,1.9577773543760226,5.733327788004919,breed,0,0
2.209047500179571,1.615877532705345,1.5075825000174023,7.382879852067517,breed,0,0
2.5428783639559973,2.1020429202298114,5.653089777142532,7.86925421635758,breed,0,0
4.6779638272559865,2.1066188435565683,4.806624802077617,6.509118436814987,natural,0,0
2.505798710360354,4.262382113378633,2.711182312865555,9.791741256408184,natural,0,0
2.5118641449193846,1.1194085788696504,4.722765306867188,9.56056643458568,breed,0,0
2.3668392448217346,3.948445728346432,1.628321670254488,6.6759138551857475,breed,0,0
2.107694777128106,4.264167744324334,3.5373874148150155,5.083718581399928,breed,0,0
2.1629266194164205,1.9993197439223809,1.0566748504350683,5.903521311794666,natural,0,0
2.6657945743757736,4.413559810538953,3.0107570899513085,7.429082862914775,breed,0,0
2.4368699861264447,4.054151734974715,3.1295428932729186,9.81483160444018,breed,0,0
4.659404896958103,4.305381794441139,5.193493969820105,9.32746340540312,natural,0,0
2.3257747356461174,4.824475319863476,4.718790928858745,8.250747681370827,breed,0,0
2.6771120052099517,1.4788747460892862,3.373524326897804,6.437519002077755,breed,0,0
2.0368703650027307,1.5968396363935184,1.0407760648185236,7.542212869722389,breed,0,0
2.701029545406775,3.855381266374168,2.2503102125904637,9.479345890626579,breed,0,0
2.5450432634917672,3.858533355968424,4.6288996879861255,9.408264348463597,breed,0,0
2.083634256034138,4.516028666084219,3.492528149831639,6.8120713770672605,breed,0,0
2.258889249695904,3.0218528453979645,4.963975692477145,8.818144793496646,breed,0,0
2.2329496570704603,1.4940721990116992,2.573976509812119,7.904002624688954,breed,0,0
2.2719416342471446,1.951297261486233,3.6731776601182626,5.015509671198386,breed,0,0
2.536099783985896,1.141370206499273,4.6793165698276,5.811024620249125,breed,0,0
2.729812942076751,4.630837582945333,3.2813250844306583,4.109900413915606,breed,0,0
2.1548241059094413,4.8546524001573665,3.8072995624424135,9.449670619912784,breed,0,0
2.4686961635036666,3.63867060521818,1.2425728962113634,8.423481589452878,breed,0,0
2.3571706017877583,1.8735904519094695,2.6438657939829717,4.491490369206102,breed,0,0
4.874083736832724,4.795089671926805,2.0897937733948697,5.888970129201619,natural,0,0
2.6100147354319643,2.36719903622048,3.083224592966737,4.199756986619076,breed,0,0
2.408847296066089,3.6781359963179803,2.2012682538280313,6.436706512638982,breed,0,0
2.1602008230928362,3.4827068617201444,2.467215818363327,8.302254887601993,breed,0,0
2.1518010266903693,3.4585741139960944,2.259379681912696,6.761660015672563,breed,0,0
2.741260674019673,1.3078177557487305,4.88528572482845,5.832555920843051,breed,0,0
3.79471820500539,2.0072581808004486,2.861457522938789,8.824391528257886,natural,0,0
3.2155494020992124,1.317981520732038,4.26949981402252,6.5239163235745545,breed,0,0
2.1625783902844735,1.8260303849459303,1.9145246150458943,6.178842216971805,breed,0,0
2.5572697387300005,1.5862653853359037,2.333770530817085,6.791174502722766,breed,0,0
3.3915677548718905,4.376332863878986,5.733741200336761,4.976696111579054,natural,0,0
2.2874327015042053,1.9311942179700283,2.644226590836678,4.612054526659886,breed,0,0
3.1557926278360116,1.3889554003689555,5.442660906991637,5.098471883729782,breed,0,0
2.849337062880011,1.5367728204141815,1.486611353496007,4.610376806292787,breed,0,0
2.4164952092368948,1.4300461517685845,1.453129615815086,7.096010180004503,breed,0,0
2.398378946304359,2.9146268614256847,1.1820373802664172,7.991215802098525,natural,0,0
3.2323104760005084,4.9626406459901355,3.3344976723288884,4.392592442185856,breed,0,0
3.0511689208219708,4.497484495733037,2.595993992310825,9.793128036845443,breed,0,0
3.5909512783207096,1.2686980113402182,2.328269830370509,5.182462684536501,natural,0,0
2.1148738327330303,1.6121055176098138,1.0,7.217067002340938,breed,0,0
2.9852425704795356,4.79062404931703,4.011672421061324,8.126355152092732,breed,0,0
4.139902395008288,3.6653745809806106,5.869580193328427,8.471046274108577,energy,0,0
2.2084645106178296,1.8685764881238662,5.162772734199053,6.417534796069022,breed,0,0
2.069812545430088,1.7479320808236072,2.6392873463510664,7.94518387981787,breed,0,0
2.379186464486086,4.284705931520158,1.6768816517212524,9.368366455997364,breed,0,0
2.9328300335146267,2.0854754680835685,3.8582290329737403,9.103907204124333,breed,0,0
2.0696467514351804,4.797733669611519,3.302320260836823,9.989066162714188,breed,0,0
2.218764356782954,3.4328622915350517,1.6981464831678263,6.009867277736223,breed,0,0
3.6243043896830778,2.83485895223176,2.6959399655978222,7.141472011843413,natural,0,0
2.0845691277652265,2.455079488182083,1.9987514495475769,4.110044462653239,breed,0,0
2.6653566315661332,4.576950697334128,2.6518445930941144,7.34749808239127,natural,0,0
2.8645228745452203,4.557848928238366,3.5655974427056605,5.160994019208028,natural,1,0
2.3862258977480546,1.290746367896038,1.4722521024718107,9.765270465741274,breed,1,0
2.0299628002548427,4.265876944438923,3.2754961388263517,5.07901577077657,energy,1,0
2.796883442247997,1.712030918388948,3.6543961816890143,8.220524234336903,breed,1,0
4.2703047876741165,3.440435552423273,4.681096482981802,9.508423193038835,energy,1,0
3.229213449557413,4.89920372665554,4.646016701324681,9.850008200174607,energy,1,0
3.3927904018643966,1.4459113549070297,4.005503610328712,5.453430833348252,energy,1,0
2.064547808797233,3.2642171970837683,4.640501897674829,8.854190095328578,energy,1,0
3.059987090604575,4.525469442114712,2.593392866173714,9.389435649186256,natural,1,0
3.180940741126382,4.1584381307810165,5.2697282126039875,4.8662212471843596,energy,1,0
2.3619672755176517,3.930203728101218,4.579064303000151,9.020421285121724,natural,1,0
3.0638966561868255,3.083510100382572,2.054386093667618,4.626914110195345,breed,1,0
2.0,4.06446881276694,3.6485779930974527,5.04255104170806,energy,1,0
3.4836789997120103,2.4168820190039035,4.9493100089487605,5.452085333576284,energy,1,0
3.071989401231966,2.7255175492770443,1.8890426370215159,6.852345410934084,breed,1,0
2.0658178166337837,1.7043516149248492,2.8395803560033683,7.755788965008239,breed,1,0
2.218190603673828,1.6165329863517575,1.0,7.229516045150681,breed,1,0
3.875545348227621,2.356747989491452,5.149508882107518,5.47852148112332,energy,1,0
2.219294809725643,4.986589481440891,3.9949886207142136,9.864181755650055,energy,1,0
2.1356788173502403,4.78947593468437,5.025651512582741,8.623496619201322,energy,1,0
2.5983492582283385,2.849196958811992,5.760482968381111,7.338991264924075,energy,1,0
3.507982873769943,2.2847932031684244,1.9730436544337007,9.226343106464288,breed,1,0
4.100478777076233,4.967326710493159,5.718217705768295,5.754088632311893,energy,1,0
3.217521949225332,3.4482179248847076,5.426793816830569,6.616531676699345,energy,1,0
2.5608055114093236,4.417580434607497,3.4497524681870737,4.0,energy,1,0
2.4397705146353994,1.3305151187482094,1.2825239327281344,6.756856835437353,breed,1,0
3.7833327094668014,1.6722363596912317,2.9717075270665636,4.319675225832692,natural,1,0
4.5341585497480255,2.0970365142596874,1.3496345239147314,9.526596665466924,natural,1,0
2.3975475573216123,2.1028507802258276,2.4978180982075373,4.948790876127109,breed,1,0
3.1848748848292274,4.697481951442498,5.288041641535779,5.300280421003217,energy,1,0
3.9300929405823357,2.730644742381785,4.971624021362057,9.38028226307856,energy,1,0
3.232868063585169,1.602464754293079,4.557545993300921,4.390621025776091,energy,1,0
3.0884227731363874,4.351265083796585,2.0134434946373365,5.496454413125641,breed,1,0
2.753748324842614,4.684127262294383,3.282135800439427,7.143280369752722,energy,1,0
2.3361254885861014,4.0249733448274965,4.9953946702900085,9.656845493960793,energy,1,0
3.8903679343270525,4.579636243344114,1.8052254453360992,7.722892697778156,natural,1,0
2.052421406639744,4.243953493291966,3.7008516771752014,7.034471444417755,energy,1,0
2.5871727275710357,3.852498732968954,2.7906795570952454,9.46313402413863,energy,1,0
2.1841157681566576,4.141512869361593,3.507355550644109,5.095111905898847,energy,1,0
2.1774589172992056,4.485125359846661,3.5729409085993944,6.839963915675426,energy,1,0
2.4453076626110652,2.955357212630686,4.818543039519827,6.995646133870145,energy,1,0
3.240045451677833,2.3834791908462,2.001690743697106,8.312593199076575,breed,1,0
3.284853741661718,1.3252544811466835,1.6382279298374844,5.626821973428258,breed,1,0
4.20195637635006,1.2679758573086577,3.165439886370837,7.469541421242993,breed,1,0
2.306802583607294,2.2441440446884484,5.554339505897035,9.735236846599989,energy,1,0
2.815299423707269,1.812479884139115,1.3373592279272675,4.48352019593775,breed,1,0
2.5091119304067475,4.722333378547089,4.675041924617152,8.393495082205527,energy,1,0
2.5326707311224625,4.7509872795085695,2.783909981571654,4.907801503235079,energy,1,0
2.3406218493534032,3.000044933686094,5.2759044796180214,5.162474472867585,energy,1,0
2.323617588466961,3.4852471201536197,5.52316020534091,6.124465615398629,energy,2,0
2.0490828518179542,4.70477830998457,3.302671973854256,10.0,energy,2,0
4.197723273625763,2.2861633481173755,4.508416036058783,4.312800258663675,energy,2,0
2.2605113303247637,1.53520854533727,2.71232077927207,7.848050648307082,breed,2,0
2.222846436369797,4.911628006451289,3.2933550294143976,10.0,energy,2,0
4.496720692805424,2.701126230664129,4.507860585494023,7.2845589668796915,energy,2,0
4.810876595091174,4.373291452340258,2.8238912007195944,8.51136591705799,natural,2,0
2.146080964226921,4.769441625841903,4.1527394695356765,9.354166319139862,energy,2,0
2.092065371208837,3.2199770922798856,4.8584798751483556,8.40487119309151,energy,2,0
3.5247691413397826,3.4618792230979407,2.74225284609981,5.354549791656122,natural,2,0
2.644346679334207,1.2301661344699086,4.364833780312325,5.832212768061053,energy,2,0
2.0201380123639834,1.5645554674247495,1.3310229695572575,6.942862257611646,breed,2,0
2.2858864916385886,4.160510662796025,2.7944566717980264,9.629010378635709,energy,2,0
2.200885465584649,1.0406580135758123,1.307365089216831,9.721644268021988,breed,2,0
2.488615771412232,4.219797527629704,1.995050131782512,9.307949371121698,natural,2,0
2.36748868114194,1.487804202005044,1.4537482401831467,6.539900683123645,breed,2,0
2.408053822290035,1.9812135509150968,5.506787493142288,8.166014790379029,natural,2,0
2.931526346178677,4.705542077214086,3.81818712066651,8.056575175678361,energy,2,0
3.342164259436945,4.877291011480327,4.721150116011034,7.194545526949034,energy,2,0
3.661701114125883,1.5497808871036982,1.5284812291231544,6.352997161177826,natural,2,0
3.0742058744338037,4.8816714798272915,3.9785673500968612,8.541278013989723,energy,2,0
4.434414118221359,3.7075461091642055,3.6446985856811054,6.846670582247821,energy,2,0
2.653891529367826,3.8214112218975957,1.2546034096605858,8.21435348317618,natural,2,0
2.4690004029401122,3.2496813349185634,4.67018429358713,5.484421726687626,energy,3,0
2.684839700295376,4.772081412497866,3.0971121216134168,4.0,energy,3,0
4.500771061472349,4.588913104443817,3.245159830877266,8.56694899104874,natural,3,0
2.857822647618629,4.202468219780821,3.72307033735077,6.037820597494791,natural,3,0
3.827649172492041,2.1009010521209217,5.6620828812098996,5.396758144404563,energy,3,0
2.155895949230127,1.6624001899378211,1.5666269884022772,6.885890597666779,breed,3,0
2.338154725765225,5.0,3.907012158276267,9.489221062853659,energy,3,0
3.0885626017339085,4.714560597079291,2.83107195007244,9.40505503526349,energy,3,0
3.8891184857428867,1.0023228129902186,5.938720079994472,5.200106395273071,natural,3,0
2.1322919900925346,4.90254353400394,3.3770837160986864,7.2888559906018475,energy,3,0
3.5988959043649067,1.2511538922495387,4.583993389040048,7.253203341787042,natural,3,0
3.805470876105413,1.7808152347722301,5.613160453904207,5.996576181701815,energy,3,0
4.269679856391562,4.546658813697984,5.760682415284223,5.911048371709307,energy,3,0
2.1432872589386482,4.601937547548547,4.0166815109958165,6.697598312729948,energy,3,0
2.14364049270947,3.0403099447216166,5.294232260774525,8.422410527613861,energy,3,0
3.764390909235814,2.265757562116438,2.7036521643238483,8.18306072631348,natural,3,0
2.058558201246338,3.207121614587048,2.5765682380234627,7.9032388677050776,energy,3,0
2.1932865231137897,4.301323775829744,3.6488010529762445,6.654128956196042,energy,3,0
2.4076860997970067,1.0,1.0417663355917421,9.323752971214175,breed,3,0
3.309152193741677,4.706106081600698,4.588309335968028,7.325512227563583,energy,3,0
2.8326766443937137,1.19044849864657,3.178759847562782,6.792046590787558,natural,3,0
4.385839510145999,1.8224535882240382,2.541088337107954,9.484278360723582,natural,3,0
2.011073763161716,3.5137275949887146,2.5635279021556245,6.658504934065867,energy,3,0
4.633542198246964,4.597286370494858,3.2022535531721084,6.047466355753688,natural,3,0
2.870030865061362,4.893851849049108,3.9077044268604,7.699749122883965,energy,3,0
4.945770877573798,1.0741230049076864,5.420095199325933,8.898081613584663,energy,3,0
2.464761488086934,2.1065314921317566,5.99866243607632,7.80028716804747,energy,4,0
4.539175726024858,2.1461273439141437,4.541657316237685,4.852554521774163,energy,4,0
2.5496330047793494,4.926996927650772,1.5750429337257676,4.754353935326828,energy,4,0
2.2103092251696292,4.159200714113254,1.8277124250432455,7.229346105277794,natural,4,0
4.670217251573452,4.949098585832601,3.015024608687458,8.828575303915464,energy,4,0
4.045412992764566,1.9400911999611163,5.708354602187494,6.450876313932505,energy,4,0
4.352267741346064,2.6837605466535934,1.1321464408344952,8.64907521068874,natural,4,0
3.088336670609686,2.176182861127987,4.578497255071663,9.951135305052798,energy,4,0
2.8294291201017394,4.937204120847588,4.520771431001558,6.446868029660442,energy,4,0
3.0246912208868797,4.202453746957509,2.6226915265196706,10.0,energy,4,0
3.2436570800948603,4.676975967492204,5.260337238356933,8.177443295559392,natural,4,0
2.0,4.275059703141373,1.5524205529125452,6.942927956040037,energy,4,0
2.516443374162114,2.623912444319992,2.9667052865331467,4.0,energy,4,0
3.3431939725194186,2.015202643862645,3.9690749244361987,5.374180966183309,energy,4,0
3.574758329404492,4.013040945497013,5.709133955877072,6.32672736004227,energy,4,0
3.511640358861493,3.585118704620712,3.7945761108406297,6.413426318581666,energy,4,0
2.208282241925268,2.928253876676776,2.6021188496716365,4.365813709034824,energy,4,0
3.391072540861618,2.102516333685741,5.940082094085955,4.492138600732008,energy,4,0
4.0040762330262565,2.965257726564457,5.413751709269799,7.839221254438843,energy,4,0
2.9567737441267297,3.0819794128331495,4.067143180128827,7.955405349835633,energy,4,0
2.7977489755477913,4.830999871239234,3.1864897158976184,4.292878208381123,energy,4,0
4.208564100365473,1.8293487650650806,4.512002725589555,8.309765293595063,energy,4,0
2.9192416323171826,2.0799988542110115,5.6563385529846695,5.210097422735567,energy,4,0
3.4490540300333046,2.778589717038694,5.553205582110951,7.827512235364456,energy,4,0
4.344934321576538,1.5197958345397367,5.019683669356006,5.665652569113704,energy,4,0
4.9405051454597935,4.433245188157743,4.860916976804749,4.367369905921853,energy,4,0
3.0417793319204978,2.6619536463409363,2.7754055202330585,9.869378288901027,energy,4,0
2.4831998046142396,3.959673672137015,1.5744328700929833,6.977509593778608,natural,4,0
2.693061834318418,4.418792014496827,4.230390345746787,6.145440542718868,energy,4,0
2.161577792633568,2.794596820076321,5.2989800813966355,7.067152187763985,energy,4,0
4.663299764652946,2.7469612873608873,4.647829325511887,5.099955068699284,energy,5,0
4.079658240846078,4.98469864966129,2.893135672029473,4.3511059839205615,energy,5,0
2.4242122595908695,2.707699425182853,5.066192288691557,7.01617608519815,energy,5,0
2.312183315348689,4.714035001425643,4.274620001496684,8.07939669087262,energy,5,0
3.154719383987275,1.4311692141836558,4.31014560884314,6.686175015581833,energy,5,0
4.174118054009389,3.433028177993385,4.792553963434955,4.287297140642524,energy,5,0
2.2523239216778768,4.24791237207788,3.834015308588085,6.412328116284814,energy,5,0
3.799792267960158,1.244737002876886,1.9564270081715198,7.256901409097107,natural,5,0
2.7582459160890576,2.516878109158149,2.9108905093308115,4.47252159186378,energy,5,0
2.711079251542833,4.063504595746309,4.746676605974429,9.417218133711676,energy,5,0
2.1160950056835537,4.862847828882133,4.535388726454894,8.354454950527783,energy,5,0
2.5835637449514377,4.974305467239625,1.8783235924869692,4.616009772865273,energy,5,0
3.2260919346368877,1.0953720426397373,1.2753938180493043,8.769198260809471,natural,5,0
2.377214982361367,3.7017550909851082,1.9796449101934228,6.4714877625035445,energy,5,0
4.434502041427214,1.815672694558574,4.391770135701685,9.016972248797993,natural,5,0
4.76834180392267,1.1869191489327786,5.047049753851246,5.862522521828146,energy,6,0
3.1190151902007948,3.2162765976001313,4.263573921750858,8.10922405977983,natural,6,0
3.513880928783912,3.8669779619543356,2.869517265821903,6.687095779457927,energy,6,0
4.260573431696944,1.0966716269981402,1.2986684874929084,8.292408546186849,natural,6,0
3.178285130746217,4.477782223319227,2.1068867947353724,5.905186285757741,energy,6,0
3.973192562639969,3.089238176332326,4.856791191213938,9.022320066281006,energy,6,0
2.7060440791975857,1.0030592507199345,4.83476851633739,9.248203374115533,energy,6,0
2.3307494005718006,3.4084993845723006,2.390936261611055,6.142581701455005,energy,6,0
2.1830085000900055,2.0532682752563076,2.6717695897671416,4.810772178434719,energy,6,0
3.3470268157352945,1.2205648860604952,1.4921869470018119,5.9014742688464725,natural,6,0
2.1011249519908546,3.5628926723108654,2.428140717810405,8.58488135743359,energy,6,0
4.2383172749410045,4.110093925768675,2.2426046047291135,4.025172584814708,natural,6,0
3.4093642710730174,5.0,3.0646996364874997,4.0976119554586905,energy,6,0
2.4383332300554437,3.855527960208727,4.598567572693158,9.031551366836865,energy,6,0
4.3889909337837825,1.0222515679254767,3.2492220179795765,5.0035639068330315,energy,6,0
3.6249093687201643,2.5147996666234973,2.648818996665934,5.983383885614507,natural,6,0
2.981730396627259,4.355473725614665,1.9771617213714956,5.322752923758605,energy,6,0
3.6560062748144015,1.089941579072426,3.6369100069689138,9.40278184971323,energy,6,0
2.4854703599310417,1.2473034892739006,3.3523553783712776,5.605865737416614,energy,6,0
2.5383492071827862,3.951714398614999,3.0768380330052514,9.622539922532129,energy,6,0
3.34839700460029,4.668672326116871,3.4847481911298264,4.621900659939236,energy,6,0
4.105783339379238,3.69606953956729,4.249645551426532,6.216472564933645,energy,6,0
2.684878199898076,1.5735717410031138,5.117285608002424,5.675151700377978,energy,6,0
2.6622685297925304,2.9459075590627295,2.917539066378212,9.02510528910332,energy,6,0
3.9099496734369352,3.5513284521580952,4.355613654742807,6.525848634183632,energy,6,0
2.5902954645088725,4.183495029764368,1.7438342279268115,9.682368996387726,energy,6,0
3.5967903493453424,4.742458341029983,5.157366998031291,6.700578954531329,energy,6,0
2.596228513478641,3.9136805087475035,4.673822569630224,7.6505144988200335,energy,6,0
3.0356900314602155,1.372755517139717,4.181487842337187,5.943530905292038,energy,6,0
3.0931372488942106,2.9355779773230832,1.9510633681423604,4.416087476106651,energy,6,0
4.922986546522732,3.2172161322675215,5.48807070002549,4.480346306936673,natural,6,0
2.7131220056286356,4.2557667911824755,2.592244794939715,9.737676685183207,energy,6,0
4.988996643120117,3.6370830203095132,4.724693722408681,9.742823126369522,energy,6,0
2.9182783276884514,3.6653220399751443,2.165725503542656,9.455297929654204,energy,7,0
2.5408816239363388,4.518550218006505,2.5156405729358857,4.782966175977968,energy,7,0
4.66286418581557,1.5625149050004206,5.92455812756213,4.153755087852595,energy,7,0
4.699261051230468,1.5057663437758388,2.9815032933828314,8.37254521821498,energy,7,0
4.762294147077043,3.4468070413370078,3.173096978628814,7.569561501932288,energy,7,0
2.0300103176964592,3.2521804844343736,2.0953472645348215,8.126664519740956,energy,7,0
2.846812413908485,1.1256305418434143,3.1403663375537496,4.688246485846232,energy,7,0
3.6100849699758304,1.1104094074519049,2.996866172717585,6.582410253892064,energy,7,0
3.4779147362585228,2.1307723354803163,4.146548827747346,7.2934332794876084,energy,7,0
3.7617043578433274,1.0043449119661454,4.14625863968801,8.828039349847437,energy,7,0
2.7871674766766956,1.8640320329657154,3.2966102157229464,7.882888571261872,natural,7,0
2.216893605068087,4.209544529395306,1.8024320305761714,6.522226432028228,energy,7,0
2.5989357032556937,4.041825484296727,1.873389850211976,9.595061529000516,natural,7,0
3.295222961095158,4.995106599074807,3.1024414346564106,4.059141366988195,energy,7,0
2.837177197291914,2.1788048303939975,3.6537582838508844,8.787990548643027,energy,7,0
3.863688223913173,3.3523396083048387,5.054977457631544,6.354517931869221,energy,7,0
4.948709466018708,2.3777929586103794,1.8177083017740472,4.107774222538939,natural,7,0
3.5134894131507943,4.809505286033423,5.235669725220391,8.982933074842224,energy,8,0
2.664377797674689,1.5733572999069123,2.053509093568346,6.987342967241137,breed,8,0
4.5212526350086115,4.757294822333616,4.365207607511273,8.832386745822356,energy,8,0
2.629216155225083,4.794155896828705,4.35765752062659,6.02640692683236,energy,8,0
3.160876163616976,3.6443238399422015,4.3403786815132985,7.85720160247481,energy,8,0
4.742504116663803,1.6138582360894294,3.7092540257642597,8.60027393805479,energy,8,0
2.0,2.5699393485799518,1.7300309104150218,4.0,energy,8,0
4.003984525212342,2.3692648176384403,3.3389952397131077,6.066001149304411,natural,8,0
2.9147464192086696,1.894506034090511,4.117892038471857,4.617934347437037,energy,8,0
2.465589794260916,3.9188620607293374,2.098869905776284,6.65594295440073,natural,8,0
3.8652711971645095,4.908122546587956,3.941536434862388,8.642567823162597,natural,8,0
4.133234230853214,1.1859498552978116,2.6248954849980586,4.978813808815392,natural,8,0
2.7478107960757776,4.385417581822228,3.0288036598204933,4.203269339060153,energy,8,0
2.2163632522829895,3.217000224304945,1.927095579381907,6.590955907370013,natural,8,0
2.2281761465081136,2.026803582181741,2.451544051825998,4.873310810771732,energy,8,0
2.047696697553246,1.770924541157789,5.0118279457322625,6.417417139223479,energy,8,0
2.901831866290185,2.4201607526592577,2.8104851777891313,7.744668219643286,energy,8,0
2.606858659878774,1.4545804786443517,5.915785046952246,8.254404826366793,energy,8,0
4.538684370599055,3.736172059023759,2.926300798395402,4.084923186806972,energy,9,0
4.697642613236647,3.413258667954611,3.4172255782133147,8.031151968703014,energy,9,0
3.6928262892548838,3.8217894194774518,3.4930951949780433,8.159857476097288,energy,9,0
2.5714326666600518,3.549892648428102,3.647840199136677,8.311431025073974,energy,9,0
4.517336979754692,3.76634943428282,3.9127799151435556,5.143756079120927,energy,9,0
4.323176988452101,3.6658096355826295,1.9575550111849196,8.187936860399343,natural,9,0
2.952738293056334,3.653217016171693,4.232912949965698,8.114281596093441,energy,9,0
2.5339104003898294,1.3115162527572188,3.407846218374365,7.961821560526647,natural,9,0
3.2602652073470435,4.349437475088898,2.461686421421226,8.308234503241867,energy,9,0
2.7145114143331175,3.6129684220570066,2.560123702729659,9.530095434280714,energy,9,0
4.281697370499158,2.2388225362234895,3.4878219875522056,6.978950843120122,energy,9,0
2.162116940728917,1.7271817901544988,3.3694558740428127,4.627922686990798,energy,9,0
2.0,4.497419981642071,3.397655299347423,7.201680590984922,energy,9,0
2.561487364822046,1.3311914348495282,2.245808563368345,6.700187110577879,breed,9,0
3.3109114765385415,4.052821185545648,2.4294782058461535,5.999145437000766,energy,10,0
4.278184044586121,4.933228043201302,1.2925618402856123,4.615445937285117,natural,10,0
2.5809745986860433,3.669858278518834,1.9112690448412915,9.65985941928498,energy,10,0
3.9478388778290023,1.5637308122644789,4.246429073170498,8.962438669260145,energy,10,0
2.0778786875193,4.310727490738336,1.0108131417060158,6.712541791751943,energy,10,0
4.78666474148113,4.92145622623134,2.0536485959610458,7.911214765920893,natural,10,0
4.077732410291752,3.491212993122732,2.9142485053669898,4.19888106098377,energy,10,0
3.458125229182572,3.752590282392417,3.0297756058102867,9.882843154423096,energy,10,0
2.4438638082619133,4.5521837434421135,1.702706360505372,9.694122319237067,energy,10,0
4.946606530324962,2.6835506962325155,1.2122319322818556,8.95040016547723,natural,10,0
3.463288544535934,1.6277340286398783,3.45250881951384,6.475645785664284,energy,10,0
3.9621089300477546,1.6749040919792564,5.109269765779613,6.984569083525635,energy,10,0
2.7597615342329673,3.6395528079160746,4.147614935623842,7.341307899970787,natural,10,0
4.949943505308171,2.8115967318992596,3.4250275045646736,4.77011539494085,energy,10,0
3.898116825463584,4.781782359991498,2.850889694205156,9.74011921109668,energy,10,0
2.964980381321226,2.840583012625287,4.433683803225278,6.729075791193068,energy,10,0
3.7059398449760206,4.901078822600751,2.828701598833794,4.73525608527489,natural,10,0
4.617835815510304,2.9981842122754343,4.68167218319799,8.283347782839531,energy,10,0
2.2801599139205484,3.4213547576996293,2.998061005705572,6.3343412207963095,energy,10,0
4.904720355965895,1.1139599226514054,1.5085776548118686,6.915100165787746,natural,11,0
3.1329112025360173,1.3209856977726293,4.069021958271885,6.944064173613742,energy,11,0
4.084227233720132,2.988358544275788,2.3038788729674966,7.370273708231666,natural,11,0
2.112145006762756,4.124512027814894,1.1397618238304004,6.72144956445129,energy,11,0
4.675338321077629,1.597384076458955,2.7745986628024175,9.350422032223516,energy,11,0
3.2755802272545798,2.915867758052615,1.8081181204774552,4.395349173163153,energy,11,0
2.0744724856954133,3.4835077818342284,2.975716829277048,6.053114751156457,energy,11,0
3.200868777648452,4.178414031059936,1.9605195499174042,5.400052710382534,energy,11,0
4.590731948890262,3.806574540955157,2.106794818411088,4.622784191996208,energy,11,0
2.502363198951759,2.55365572761941,2.476240379875338,9.033956272025549,energy,11,0
3.246764356928376,1.4698094311243382,5.149675489263577,5.160006890667478,energy,12,0
4.673394791691211,2.4504954701396695,2.107878359786121,8.080322308535079,energy,12,0
3.5378202269774195,4.33586098573622,1.7392728907996111,4.826633951284803,energy,12,0
3.284974692352597,1.475149782973447,4.538088566493505,8.835029470339297,energy,12,0
3.186001227782346,2.6088418153493667,2.1750548256930387,6.558839822207744,energy,12,0
2.4677092583369067,4.793699742073463,1.6678728942874061,5.126280454540739,natural,12,0
4.733934161393848,3.973417047891594,2.0699416232110774,4.315590296484277,natural,12,0
4.198737167769773,2.5142614408823682,3.309207019911117,8.093348787482022,energy,12,0
3.2599901742587294,1.7978293894708726,3.156734408968111,4.01130754482641,energy,12,0
3.3256775251653323,1.8804517194678918,3.5230191730208453,7.155408292866983,energy,12,0
3.0954248856357545,2.164236244008892,1.699830022129562,8.026077805680531,energy,12,0
2.352985072046265,3.5671168518825036,1.9936545548021953,6.209365329797696,energy,12,0
2.5620786860766316,3.655292891736849,1.669465436821111,7.5676436146320825,natural,12,0
2.0579562224939525,4.515635975722141,1.1377560620727625,7.519602734237877,natural,13,0
2.0955825226230376,2.0410202067958876,1.8662068887857,8.738486399717077,energy,13,0
3.864580306242831,1.140268645895727,2.903418374839369,5.674802831217874,energy,13,0
4.480008288692751,4.74729602621289,4.081144730014875,9.93608010348802,energy,13,0
3.5843566485243326,2.3457887796553387,2.5870398217889474,9.274448532022234,natural,13,0
3.0319978675623993,1.3993962530168105,3.397140415779079,8.036631741187792,energy,13,0
3.815443882101894,2.226960489349434,2.7405651469767704,7.430710285885901,energy,14,0
4.339716168973718,3.9586480881191344,2.5611581344128616,7.159236256212293,energy,14,0
3.9651287667874984,2.096284816802267,3.633776698700757,8.611051969949052,natural,14,0
2.748375025825408,1.1951314538636577,2.2622263158883706,6.2882942724758975,breed,14,0
2.3634054377009783,3.5766682203676967,1.490613735860475,6.01405734951515,energy,14,0
3.237195916756031,3.437293643921584,2.6462831187456395,4.627741140142273,energy,14,0
2.90336557022946,2.6443829776135606,1.5763393559230168,7.010004245990231,energy,14,0
3.71151376111761,1.2431815667456405,4.406773415904936,8.80224429487783,energy,15,0
2.3642012208633814,3.5365889029558097,1.0,8.658653726761836,energy,15,0
2.541300333520416,1.0,1.0,9.51510232874033,breed,15,0
2.284393882587146,3.6021770722180673,1.4540584400918815,5.789164587639955,energy,15,0
4.497855553250712,4.577771492908633,2.2118474711469847,7.999216333855978,natural,15,0
2.5779998642410864,1.0,2.4780673941549596,6.112776287718061,breed,15,0
2.0275880727126623,3.263947367144959,2.362527408469867,6.35216400894016,energy,16,0
2.170937945038264,1.4172803218124186,1.6566289685132074,7.114437721408509,energy,16,0
2.4423240264551467,1.1885794022012197,1.0,9.122578668401598,breed,16,0
2.9040690532757725,1.6420453530779064,2.2155767515895812,8.966013208768066,energy,16,0
2.3935847367485192,1.0,2.5548470808803727,5.978675362886314,breed,16,0
2.952642254601909,3.1453627551570924,3.039689171096839,4.573425685159573,energy,16,0
4.851093807891957,3.981623261903055,3.2090663504136447,6.160144809039118,energy,16,0
4.400307241472672,3.609197107995026,2.4392643604303306,8.00043993967904,energy,17,0
3.711241568718616,2.2506207985761404,1.794335445606226,9.293850354828898,energy,17,0
2.340393735631622,1.0038851230215333,2.6126287215053265,6.291184020370704,breed,17,0
4.049162088468351,1.0749190862257456,1.9252543706921985,9.58070991784139,natural,17,0
2.1739435834980365,3.816479575417977,2.8234161205748265,6.3753366116407095,energy,17,0
2.9641508225259705,3.8446607140557143,1.0650231843140758,9.073609102239695,natural,17,0
4.455771607647381,4.162501613157697,3.06214389362356,4.385530808904864,energy,17,0
2.3114314854643494,1.0228389746828594,2.9577956660360036,6.20296962196502,breed,18,0
3.831120083512686,3.766073240628562,3.1106660844896408,7.372015405809988,natural,18,0
3.035660284482454,2.6542839441884847,2.365195238345608,8.040043178871752,energy,18,0
2.0528907776473106,1.4556287295455617,1.1091483105820061,7.648347361399956,natural,18,0
3.8518900419253543,3.945181902442159,1.723922883258007,8.681191088794774,energy,18,0
3.039369299991737,2.967287532011977,2.095992583424921,4.626278297742924,energy,18,0
4.269649175876514,3.4389992713222792,3.4777411796455358,5.774193835785616,energy,18,0
2.3877581905715775,1.0,3.2056480328603203,6.441114106705278,breed,19,0
2.295093472717462,1.5944997230452138,2.930070387588204,7.502824925978874,energy,19,0
2.338274993860755,1.4861069851703452,1.420534105219964,6.1940835359535225,natural,19,0
2.9809605264784036,1.8751177353151869,1.659897718018428,4.590257551022405,energy,21,0
2.5839052648715657,4.203083832946699,1.6094782263902259,8.133533381184513,energy,21,0
3.2784685289444666,4.8800498276456885,2.413115247706058,6.988862024915568,breed,22,0
4.16299462345758,1.3894010011957594,2.9242783999458797,7.336268320502817,energy,22,0
2.9145696711128277,1.7335172365740676,1.36891104782315,4.330672053416869,breed,22,0
4.1415816592768735,3.391356361222705,1.2431609609673036,8.159570737624357,breed,22,0
2.5433666354156688,1.0,2.9562705227349872,6.263338970979632,breed,22,0
3.305189245590902,2.227338843966733,2.0808750000475293,9.2601927275185,energy,23,0
2.2758767848551615,1.7874068707980428,1.7216583949695619,5.968515510601268,energy,23,0
2.949887102713213,1.6269764920865035,1.6252839568033215,4.381042511244555,breed,23,0
2.3982233403688684,1.0,2.800557390869955,6.108942743744248,breed,23,0
2.952815300965846,1.338400666511879,1.7672655314328491,4.0,breed,24,0
2.579583100857088,1.0,2.4989925164620823,6.370785261371055,breed,25,0
2.488625646595543,1.2640910405923749,2.7565220164366635,6.057236864528134,breed,26,0
3.1133858849443805,4.66230084373414,2.0955012646792675,6.675302294060606,energy,26,0
4.176994803321532,3.020229304320494,1.2193666813576338,5.8124207090448,breed,26,0
3.37052322763906,4.872911137846977,2.099398832712522,6.87258226416842,energy,26,0
2.8976784173478816,2.492814915412989,1.529451303130477,4.371373073507121,breed,27,0
2.526399983839588,1.0,2.5102205050177524,6.153468996618944,natural,27,0
3.647327956656904,4.744442428337873,1.5392323836798059,7.532159709130418,natural,28,0
2.5138507497058242,3.6431798448324315,1.1554101490673836,8.278282058599414,breed,28,0
3.0055358372166303,1.1777548752660059,1.8627561158636172,4.0,breed,28,0
4.990990020548597,3.45253785259689,2.3225961044275483,9.955528981460812,natural,30,0
3.872375033768312,4.201283132155284,2.0910801006458257,6.6955718863075475,natural,30,0
2.641567620165912,1.01796128465835,1.0,9.357651401673419,breed,30,0
2.7743716759353596,1.1574069467376245,1.2899664401652537,8.94283350923628,breed,31,0
2.796711637472286,2.2157061575369976,1.8519244737305682,4.537276728478935,natural,31,0
3.1414111178243225,2.8011137404254387,2.122193568532546,4.356799451527883,natural,32,0
2.5748298730155232,1.2620551195447747,1.4680778459920019,8.852508765838841,breed,32,0
4.870213749227352,4.076965335814503,1.6077880214097953,8.318808493707813,breed,32,0
2.352759808126001,1.407628739620082,1.6589748310753731,8.602223018873113,breed,33,0
4.303382890610422,2.801053107189642,1.2327841176976593,5.915704745229004,energy,33,0
4.8682512285667086,4.490879296934126,1.9137039357382575,9.599421192269098,natural,33,0
4.265002860692292,3.2019167884978703,1.579443019381098,5.6763709193149685,natural,33,0
4.090964258080381,4.2806665367110295,2.320523563755083,9.378585955188052,breed,34,0
3.3461843963100213,5.0,2.5982002352231337,6.57705541986259,energy,34,0
4.3488693184410145,3.607773203770914,1.1277029144654636,6.712460209481744,natural,34,0
2.283230520707848,1.6893207130673826,1.2953808058357055,8.328396658708238,breed,34,0
2.110312008133973,1.5559241347191977,1.5801601226709743,7.995558858013233,breed,35,0
3.0354773880141264,1.2713268615963664,1.608121414661336,4.266809144912137,natural,35,0
4.315123584905381,4.29618079703563,2.5438390627600924,9.738472516038653,natural,35,0
2.5565554222045885,3.6801926751237173,1.2996646682965558,6.789106985416461,breed,35,0
2.2493565813350864,1.4975024163260715,1.3405727867921953,7.7577276423286765,natural,36,0
2.130873071859499,4.665872365317125,2.1509709429091863,5.804658120903413,breed,38,0
4.325331780859706,3.2931028788063066,1.270904109612978,7.8014535254032875,natural,38,0
3.629614645993989,4.088569074918986,1.6286232458528267,9.688913962230313,energy,38,0
4.211250277225414,2.5263759372861982,1.7707692635243923,6.93791062901553,natural,38,0
2.3677168114592924,3.664812087426414,1.0,6.514941978941703,natural,38,0
4.937558622453155,1.4205359379912479,1.6828002371697988,4.755371605896515,breed,41,0
2.140577308192223,4.826251285970917,2.3628131009906697,5.967105577490769,energy,42,0
2.501557532156399,3.5934420822932744,1.278067957071817,8.029182296177808,breed,42,0
2.20202814256414,4.678105688765637,2.464787476637725,5.765110392062416,energy,42,0
2.6375031539916796,3.445403824828454,1.0,8.266548585711467,natural,42,0
4.84534012502993,1.147325164470431,1.917306486077536,4.915039558781013,breed,43,0
3.984969315533499,4.352373066801581,2.0946687556939274,9.795474690826753,energy,43,0
4.942673069512871,1.323341509172979,1.6550746502581757,5.116931813734879,breed,44,0
3.0018822697886547,1.3900184416848687,1.29319134404107,5.640188976885897,breed,44,0
2.371294286627679,3.511666135598569,1.428995800641704,8.025526136661075,energy,44,0
5.0,1.109831419399496,1.3761835399907367,5.266149800545093,breed,45,0
2.352712028036346,3.6194547827187766,1.4486070220536127,8.45001288964109,natural,45,0
2.831578077736398,1.5777172959447954,1.6495424905182112,5.206301520136662,breed,45,0
4.607845244623595,1.3246446664305362,1.4904854668331855,9.65199078628756,natural,45,0
2.6780662178719745,3.659338855777481,1.1197586879458512,7.718451243713463,breed,45,0
2.940363686467258,2.3514184112659047,1.7445139219716763,4.646276690262364,breed,46,0
2.8156844058824264,1.5454941671360798,1.812430201832083,5.272525678862424,breed,46,0
5.0,1.0,1.4010081130683751,5.055406506487532,breed,46,0
4.845340544009719,1.0,1.716100972259028,4.7510465845491305,breed,47,0
4.454529467403246,3.893594089052703,1.3040404482717078,8.667941600749941,breed,47,0
2.7912273744999525,1.514003192464425,1.8288442136623089,5.566237689143984,breed,48,0
4.991686367713689,1.1032520225573448,1.9839874065676142,4.750021987705597,breed,48,0
2.5918133816174596,1.428743316654307,1.7720099626008106,5.416191865857989,breed,49,0
5.0,1.0,2.2270852423452414,4.921698504252707,breed,49,0
2.4124913363475176,3.5613149239700963,1.2298910482239858,8.213152594135462,breed,50,0
2.461412780258078,1.699024849245843,1.809962043395491,5.338748383505702,breed,50,0
4.876746653760482,3.9635280893246696,1.6412499546082098,8.03683830277368,energy,50,0
5.0,1.2410598140794338,2.056599361875245,4.712456358479547,breed,50,0
4.028381246767264,2.7614359740343914,1.2463458650282515,5.460972922870897,natural,51,0
5.0,1.512643164306494,1.7329646753685162,4.74551501310026,breed,51,0
2.528247875516896,1.912767371192048,1.8667598573211932,5.536750787955555,breed,51,0
4.696983167536362,4.295855406091856,1.6814684902225585,7.8736500609678,breed,51,0
5.0,1.7411045573137136,1.8861249747538547,4.736664034284141,breed,52,0
2.540609669635123,1.9832042009819708,1.922363198403065,5.762696968847423,breed,52,0
4.832926047052132,1.6587802540898648,2.081286108086914,4.610055693252893,breed,53,0
3.6218129677962967,1.431842051839134,1.3869663705676736,9.064396427483235,breed,53,0
4.703434383856378,4.295606041231593,1.5905973839488208,8.084967721026914,breed,53,0
2.5355912246608394,3.5518166105269677,1.267295589962368,6.696658608671162,natural,53,0
4.744702529599128,1.7570856838845454,1.9428562369964506,4.568721438807928,breed,54,0
4.674326919650524,4.042816058563274,1.5982889144215682,7.64283983218074,natural,55,0
4.55744248819395,1.875261675270763,2.153511794476625,4.780615490584741,breed,55,0
2.6421158741080863,3.6087604754624314,1.13429878448787,7.3129778113344805,breed,56,0
2.459494435568565,3.506042247909882,1.2270541994062794,8.2948136045608,natural,56,0
4.527952099730941,1.67193284700109,2.244922598402134,4.6952954466786485,breed,56,0
4.724588602736431,1.852537887413364,1.987380528474943,4.515057430675147,breed,57,0
2.4793298149143776,3.3867728329764155,1.6472050237564044,6.988373112089506,breed,58,0
3.030152786705459,2.460001660847568,2.0236275417840295,5.020289183678962,breed,58,0
4.017034120253738,2.9718680518341345,1.4652051465705476,4.045255131076028,natural,58,0
4.7787996683358696,2.0816353177667732,1.6532680925517411,4.660236745595745,breed,58,0
3.4993204650234233,1.448130567550705,1.75448251056398,8.71936679858745,breed,59,0
3.101142703745432,2.077002800026991,1.9157977753301125,4.793491527616589,breed,59,0
3.880002735252029,4.945395067929342,1.1909319143572563,7.219605091443848,breed,59,0
3.286116760826987,1.9530412372034163,1.8510864658165358,4.946201960234504,natural,60,0
3.9659713153839347,3.2392315160353653,1.4557057545866798,5.928990556369183,breed,60,0
4.518472533067335,4.2067899575202246,1.8926080367375555,7.700657574917233,natural,61,0
2.6832861947796176,2.1605359498995087,2.180899442236627,6.176518699675781,breed,61,0
4.770843832336215,2.6757366876895183,2.4376188775593173,4.5760358429091825,natural,61,0
3.7089737652136647,1.3995241391211426,1.8060251947149508,8.487228813733925,breed,61,0
2.311551610829228,3.6724877372272284,1.4964139253846727,8.457247106359205,breed,62,0
4.930962389521497,1.4755510236612057,2.3297471631100404,7.932417857007962,breed,62,0
3.932567295127538,1.6765994812787457,1.570387760248086,8.501553704914853,breed,63,0
4.5443442430961385,4.166333491599133,1.539128778022592,7.53316973677295,natural,63,0
2.2327524982534444,3.7963965251061706,1.2506328285454464,8.005472204661613,energy,63,0
2.392878046746155,3.1870109268298816,1.5740458572818898,7.262889753153634,natural,63,0
4.039315865273174,1.4286826788135352,1.9372980469794796,8.735621622957888,breed,64,0
4.9860795478116025,1.5666284352261495,2.1016861885265237,8.062418653447141,breed,64,0
2.1821278120313354,3.859308452239041,1.7077089762699025,8.44906370223922,breed,64,0
2.1973680387098393,3.4747961432175054,1.6265737397977,8.539388594019139,breed,65,0
2.5063128646971933,3.166664402710824,2.011143765049967,7.0474190794358895,energy,65,0
4.058988362945436,1.6706622806419795,1.9788517787261184,8.68404661378151,breed,65,0
4.873713558355058,1.5797004192113744,1.776667921763372,7.843992937362547,breed,65,0
2.9739351391695474,2.2549500666538265,1.941016789916199,5.1806642973701065,breed,66,0
5.0,1.799028400018029,1.9401653927837412,7.503311661335966,breed,66,0
4.117779935849556,1.631580529546739,2.0109533772705013,8.367232140198208,breed,66,0
4.8602771587502875,1.6488649231757475,1.732150472805029,7.225920091106624,natural,67,0
2.1533796238366274,3.610602073013066,1.92467859400633,8.247209542940073,breed,67,0
4.130485800949904,1.8090354881229183,1.9759270759248382,7.984115346157046,breed,67,0
4.8650776629659696,4.379564487194708,1.5221671319797245,8.185500661756352,breed,68,0
2.501239544167383,2.380191248317568,2.450617876090738,6.578105920524642,breed,68,0
2.088101212416899,3.564222521356818,1.8907456920780232,8.254256871347073,energy,68,0
4.036839906671821,1.8589209998897003,1.9237523709751148,7.930212405079726,breed,68,0
4.281112584967638,3.37767792958844,1.0,8.331732262685271,breed,69,0
2.568445043569528,3.5310407927560865,1.4566749182739442,7.257072952067091,natural,69,0
4.633620791245664,2.154531857370827,1.8652239833344368,4.922539620429489,breed,69,0
2.1414913345979225,3.4129852804517644,1.720156092095194,8.196036726968918,natural,71,0
2.148041091413882,3.9575527174336207,1.5646328149345918,8.563298817587572,breed,71,0
3.865406827460997,1.7079363437749215,1.7429358992747161,7.832519940886826,breed,71,0
3.8059714903766935,1.7018588816523168,1.5169589355530804,7.681283882044753,breed,72,0
3.8905406488745893,3.419425824453849,1.7105340896622918,6.16855818310806,breed,72,0
3.9742154636625857,3.456020447948511,1.4057092446488424,6.322138225404319,breed,72,0
2.7687574965180897,2.2072136664050688,2.4756149794393703,6.601805236323155,natural,72,0
2.0,3.8158864023272856,2.0631203883963973,8.12152495755033,breed,73,0
2.36306647103821,3.621792832122352,1.7845578783292302,8.725090869555553,breed,74,0
2.0,4.009681559312709,2.300685408972154,8.166489685777952,breed,75,0
3.985807900517908,1.9849324356159337,1.2405585021778407,8.088637569661278,breed,75,0
4.154400388931998,3.226092610686675,1.2535760161058322,6.47711696238177,natural,75,0
2.2137388273833674,4.016002136248078,1.754254199637719,8.208768429754794,natural,75,0
2.0,3.9936438559142684,1.4108244476063632,8.588063899218527,natural,75,0
4.436980952251438,3.6880381924870056,1.0,8.581991421994399,natural,76,0
4.002468683710087,1.8133813168431188,1.345021013978803,7.8785754020575745,breed,76,0
4.15214494640315,1.5476408191316788,1.0513274621936832,8.175780646377747,breed,77,0
2.85178477315925,3.3641844330602413,1.0,6.9153365538430425,natural,77,0
4.163211326016603,1.5243140327638152,1.0171427704014748,8.200726559483307,breed,78,0
3.8896544680295393,3.3223384697956564,1.739602255368688,6.030527464055295,natural,78,0
2.1074233330343835,3.2824996010482357,1.4485611213820848,8.800392324222482,energy,78,0
2.0,3.726436891630388,2.1826029323155507,8.357688602124377,energy,79,0
2.010343918783343,3.7529680337552564,2.6596553837193695,8.494175743223607,energy,79,0
4.060591577797582,3.1791037676547322,1.802849301918934,5.828045323013293,natural,79,0
4.182609339836141,3.662627218122635,1.3539266568627668,7.917008497550792,breed,79,0
2.4124032491834813,3.6383519601627823,1.7929988920512947,8.862243782793087,breed,79,0
2.682852496269856,3.166671611340043,1.4092754342859957,7.167215669769407,natural,79,0
4.007311395776683,4.858530269618164,1.003546908495994,7.0780544008649455,energy,79,0
4.067413995432552,4.956487662427744,1.1071425518590707,7.196326706593318,natural,80,0
2.814102666059483,3.6865703865590325,1.109407545974392,6.947723200178695,natural,80,0
4.067109835188457,3.397966915620011,1.0,8.206598528226122,breed,80,0
4.816466666055417,1.8177025833395435,1.887623883521296,4.962202932700283,breed,80,0
4.225510623135736,1.5803055730262865,1.1071211699380537,8.37878965417255,breed,80,0
4.8688831783726885,4.016415791398406,1.8642194837434838,7.831264871894688,natural,80,0
4.669725551647805,1.8963348883966857,1.6174697452557858,4.622103206609131,breed,81,0
2.1661348160584573,3.5801087518219292,1.8315990457405809,8.696432112760917,energy,81,0
4.321478824190791,1.3850599529674092,1.2424068904385326,8.701720806181962,breed,81,0
2.0,4.230580761977783,2.4978786022865833,8.470546699377392,energy,81,0
4.232469389129281,1.3357588812720056,1.0527237679080854,8.475047348721562,breed,82,0
4.01064966428678,3.427437763009505,1.688922738057308,5.904940638626304,natural,82,0
4.800539353411327,1.9973885368206838,1.6975656477523273,4.813578125968164,breed,82,0
2.211610160122267,3.680328514971887,1.769476901939384,8.908830700374928,energy,82,0
2.264562235246531,3.402492590030781,2.107107823886704,8.348362317658728,natural,82,0
2.0,3.94525710689299,2.3820024665692374,8.180101185366707,energy,82,0
2.620370184973334,3.4402260561492426,1.8500523657182208,9.173345486229561,energy,83,0
4.133236916479825,1.6168688294640499,1.0,8.24728909833056,breed,83,0
4.787483822101257,4.598215540618139,1.7857104714133296,7.7909091171456,energy,84,0
3.1132980549963927,2.501856232104963,2.1114367510979988,4.920878645269437,breed,84,0
4.22884561492821,1.8172380624799829,1.2531519995779972,7.9315858894821005,breed,84,0
4.583451278391471,3.8248539440144866,1.6525680430806289,8.988558816225218,natural,84,0
2.6139531765804107,2.6189459064231517,2.1477982923280665,6.675923980400005,energy,84,0
3.12271060137251,2.3484358178347846,1.9044855530386522,4.978385577285658,natural,85,0
3.7137783044847428,3.5270164218598437,1.4153875702959389,6.281772857082119,natural,85,0
2.5886997919570214,3.5017638100584945,2.051192667263825,8.815170107656197,breed,85,0
3.0573181677536385,1.9633159645140088,2.1717390143348103,5.481183780928033,natural,85,0
4.354281396266847,3.1642716604122163,1.0,8.264766394074787,breed,86,0
4.874234477333433,4.374010554678597,1.7536448543441678,8.609883752468305,energy,86,0
2.624256559577086,2.3524534015804432,2.3164634275727836,6.811528641375848,natural,86,0
2.382692684329839,3.586321974645165,1.4475369146050876,8.165978898638485,breed,87,0
2.0,4.015904999596874,2.035947603775932,8.185911533293805,breed,88,0
4.701648761723721,2.430491069385962,1.224140065993574,7.530740318301154,breed,88,0
2.5694812544968286,3.5939092969295254,1.4169165598175961,7.900660897922031,natural,88,0
4.233007914456204,4.25148301619098,2.2210697303622533,9.648018998260191,breed,89,0
4.645020675716109,2.028966758627774,1.9044414018970275,4.784991851286879,breed,89,0
3.110345381753568,2.467061616955869,1.748818904190616,5.553505918414228,natural,90,0
2.405660508476214,3.7449145429480386,1.797664710651769,9.087822513184141,energy,90,0
4.775413110902487,4.230629404614895,1.3204982945956387,8.265476232929416,breed,91,0
2.0,4.212877318493821,2.0805777935944203,7.752438520703316,energy,91,0
2.0,4.204244257733079,1.892557671278152,8.389024167397572,energy,91,0
2.24102911421529,3.5647041980232346,1.878630291793468,8.436611838539779,natural,92,0
2.6090253134288286,3.733435969527337,1.1759493616327918,7.964045041195079,breed,93,0
2.1490065362741353,3.8411549341773594,1.9298940417626416,8.15349379132909,breed,94,0
3.9642284583993574,3.6932879557301406,1.2217592417280845,5.940992446962109,breed,94,0
4.016301032401349,4.036171496429179,1.9749841268601758,9.68787851204788,energy,96,0
4.547777966630074,2.29889437961908,1.485031193344744,7.945425986495635,breed,96,0
3.9675646024844062,3.420220191214437,1.7299597627560126,6.318691214642347,breed,97,0
2.1147476922952317,3.7655499942989725,2.013223220547532,8.472612190877795,energy,98,0
4.799746287791338,2.2510542848417736,1.344484751489984,7.262294041410816,breed,98,0
4.377547171418784,1.5807041687215801,1.4095187205424873,8.02778522194031,breed,98,0
4.057213383302146,3.3861277807381596,1.0,8.60346814223429,breed,99,0
2.918403200954125,2.4242610959660444,2.353291025850324,4.826083771297364,breed,100,0
3.2753863734609174,2.633173676356969,1.990135313669961,4.623584002998759,energy,100,0
2.853309839089676,3.8587791948660333,1.3221624282231315,8.123997979674938,natural,100,0
2.144806937760141,3.6356413276771438,1.7202007912058594,8.223016274669279,natural,101,0
4.793296639932397,2.1313225606252435,1.724609311387227,4.696481245091747,breed,101,0
2.560733362230329,3.6788480014077964,1.6622615831825125,8.32674464764216,breed,101,0
4.738343270284616,4.117955682545413,1.5698637286183064,8.256918169106106,energy,102,0
2.347493757234579,3.6224343982955602,1.3300730759939194,7.9832536867285135,natural,103,0
4.027294857691368,4.470118444995287,2.525182894202564,9.297036385678027,natural,104,0
3.81185269633884,3.5197313243309534,1.81217826941484,6.0107249550881185,natural,105,0
4.295308952065137,2.9129186504772293,1.0,8.442941470800104,natural,106,0
4.474769262792252,1.804646150407352,1.3345272727240451,8.455657724398204,breed,106,0
2.468398100460359,3.721704503236217,1.4042723898882932,8.005642298578275,breed,107,0
2.3709206161068113,3.581705371496344,1.6663935084184414,8.384340212368729,natural,107,0
4.383119162103426,2.3403669760487005,1.5495998424628998,7.564442364347066,natural,107,0
4.408197079966452,1.5960514675579354,1.6097890434641609,8.644821296023403,breed,107,0
4.2690671205981765,1.3616650724052182,1.3497340192201994,8.623753673421163,breed,108,0
2.6751570599968844,3.786327754874534,1.1712910252770672,8.370791399834598,energy,109,0
4.8163594373054215,2.21551182935503,1.6272081315577505,5.011665417971948,natural,109,0
4.110869212256395,1.2235403136912533,1.2949809007545632,8.603535668929768,breed,109,0
2.58311550874939,3.26039375969466,2.0887701255128377,8.803463515812785,natural,110,0
4.363543390220528,3.987038316497884,2.0719371033361633,10.0,breed,110,0
4.114333846855228,1.4224930902702149,1.4960308007815497,8.93294904968597,breed,110,0
4.390531458869829,3.2877568426904924,1.0207044048872302,8.583678882752015,energy,110,0
3.8957397587276312,3.2762966786265917,1.7669888721003617,6.066550931954294,energy,110,0
4.232232409377857,1.4762037308573197,1.7007947114347477,8.681523775075757,breed,111,0
2.8569447830902384,2.2110805594206338,2.1427399305519526,4.990699524056808,energy,112,0
4.116236431092647,3.6918261354846864,1.3360909780199741,8.01263854032095,natural,112,0
2.3074069444058347,3.907594992555278,1.9653245276682862,7.8709355640736876,natural,112,0
4.252589823781767,1.3280770179484709,1.9433869476896213,8.685524382960148,breed,112,0
2.5536441147032947,3.6945094056553263,1.099248119276417,7.514813498159781,breed,112,0
2.580508912885325,3.577602839441286,1.9966575831311593,8.65049357562656,energy,113,0
4.211135888912697,1.4021643005443112,2.0035266812900208,8.980791573831674,breed,113,0
4.919789396129392,2.5189155750029344,1.5155972361746803,7.4465832691100795,breed,114,0
4.214623389849025,1.1734829387661452,1.901813043516749,9.397319496211749,breed,114,0
2.568905436203372,3.907732736659643,1.7539977336994068,8.397343815748266,energy,114,0
3.9946109155143064,1.3785592278921626,1.982930427924494,9.794318029188013,breed,115,0
2.422115098460642,3.6614758552157585,1.586840891453646,7.611336798883922,energy,115,0
2.4800395455245323,3.328180290558517,1.1660769921200094,7.8464230745912795,breed,115,0
3.816638457501123,1.1248855642513362,1.8680660517543834,10.0,breed,116,0
3.95340109063035,3.4260933611457967,1.0,8.631788248509965,natural,116,0
4.375566856699289,3.7328527146270702,1.1695280162198078,7.649312562616199,natural,117,0
4.293978922765064,3.720172030380163,1.4474610998175566,8.23073325661603,breed,117,0
3.6959620894431477,1.3986211824526527,1.5462694327059727,9.806467927788258,breed,117,0
4.654746236646696,2.465391102464521,1.7099385811517023,7.689927002801886,natural,117,0
3.528606084714136,1.5482172622346946,1.393099489137752,9.422809173203701,breed,118,0
4.699322099214978,2.105271345559277,1.3790777660768665,8.156446639453108,breed,118,0
3.720229648253828,1.5867113705497733,1.564422364227448,9.47652293328864,breed,119,0
3.5864232687667323,1.725479447486891,1.4741769313480315,9.841484821923054,breed,120,0
2.548755410085101,3.419677252129601,1.5076521553514617,8.210261013991104,breed,121,0
3.375759072477121,1.5170261298609309,1.2534580633784558,10.0,breed,121,0
4.6387051327110855,2.3815498822281898,1.9734371596042444,5.077571277488226,breed,122,0
3.1851394123213383,1.2460706290877126,1.412623473021267,10.0,breed,122,0
4.999621982321166,2.2410829144859394,1.4799581829691213,7.403273257168155,breed,122,0
2.386203372273819,3.1580279869845826,1.5004223236370224,8.19847029688685,natural,122,0
4.437326716657834,3.783243813942758,2.1711320584480625,9.591754235975785,natural,123,0
3.962518260130718,3.9657903570825446,1.0915094558809724,5.6245322976671694,breed,123,0
3.815957494558436,3.243452487189183,1.7242119977336272,6.115280010931831,natural,123,0
3.099023994817594,1.4560358735507244,1.6577974300064144,10.0,breed,123,0
4.90401234208943,2.2588224705682274,1.4239250539850539,7.322624394498168,breed,123,0
4.461195632679653,1.857753978406358,1.6982973318683339,4.563759105570926,breed,124,0
3.071391495898367,1.2965613058777805,1.9804421111091637,10.0,breed,124,0
3.917334592800988,5.0,1.0,7.114471673373869,breed,124,0
4.515566139505896,3.3990991689710253,1.101952238844602,8.539467630772446,natural,125,0
3.211908669671359,1.494186023299833,1.9724575078442714,9.945577104467748,breed,125,0
4.538762521432772,2.1316034384502074,1.6560269525682711,4.758223422870486,breed,125,0
3.1414980859113775,2.227418033955698,2.084375635726338,4.7266448265643985,energy,126,0
3.173771783440295,1.2468348623368974,1.87083908733407,9.731572562490907,breed,126,0
3.3418867526724383,1.0077232432827263,1.6018843989630498,9.696212974500753,breed,127,0
2.406797621479848,3.436923190467718,1.0429365297213984,8.28780588487938,breed,127,0
2.647912814853959,3.3858853577612207,1.67790435654482,8.089632914977328,energy,127,0
4.66428225961778,4.637020418497878,1.1587142745678065,7.859197734323511,breed,127,0
3.4421748781035717,1.1138429388330482,1.2854507611929211,9.658951433700961,breed,128,0
4.737748258577611,4.435752851549564,1.2486756307166473,7.9730521280797095,natural,128,0
2.7076515456366113,3.7021407771790558,1.0,7.448882473793386,energy,128,0
4.840786347217105,2.1403715301518402,1.2270045743723892,7.216740916662816,breed,128,0
3.376966067098379,1.1959362451722657,1.0936780462911202,10.0,breed,129,0
2.440406454443113,3.505103898888824,1.2176387302923402,8.705223387792996,natural,129,0
3.9784193499630813,3.22190376777281,1.2031283377408355,8.707630071587996,breed,129,0
3.246972630666467,1.1476422949553462,1.1019996895340103,10.0,breed,130,0
4.68207583690705,2.4351990049338386,1.6098562962456282,7.290750202092871,breed,130,0
2.6608762805221375,3.1774231677991693,1.3112532369478587,7.445536348052604,energy,130,0
4.5761879836736785,2.2068208299587244,1.8654275162343659,4.632560104256286,natural,131,0
2.2917189355654894,3.4141594665445467,1.1461546907014095,7.6675277763983845,breed,131,0
4.4223307785624595,3.4971929795372843,1.5789454499978506,8.041795275050688,natural,131,0
3.0563204715370276,1.159918615400978,1.0,9.844903958820893,breed,131,0
2.3293343556215564,3.6199798308699007,1.0,8.737717049109413,natural,131,0
3.979566263776041,5.0,1.0,7.323007148834815,natural,132,0
3.9741049015870265,4.106773847438982,1.0,5.859185396736407,natural,132,0
4.15330521425429,3.626013423091398,1.2563032335867033,6.064794747761159,natural,133,0
4.352526108382276,3.6474367092338023,1.4686740258692792,8.332799486926573,breed,134,0
2.2496265896306653,3.4808589707869713,1.0,7.341114963461855,natural,134,0
3.8798295811651853,5.0,1.2137427016963613,6.745990358377936,natural,135,0
4.226111564656173,3.514315292201971,1.327835470215414,8.146712666714901,breed,135,0
4.151630755877723,3.316913013175244,1.0,8.479677257998928,breed,135,0
4.441239966665023,3.2992647636280594,1.632486673773359,8.432108859593441,natural,136,0
4.555012820128692,1.849526316233674,1.7961598097581266,4.533155579225937,energy,138,0
3.889615331897658,5.0,1.0,7.288242037835092,energy,138,0
4.746384106050487,2.250214242750987,1.364402864952245,7.454075708872938,breed,139,0
4.015147259336813,3.2968662439442857,1.4890774181186943,7.7717947259324145,natural,140,0
2.3411734897164083,3.6998725832995407,1.0,7.710632292600086,breed,140,0
4.5453148211086045,2.6833763828938637,1.520473991633867,7.208481291031517,natural,142,0
2.1701972439169306,3.592328641327395,1.1327226807624808,8.090675608384158,natural,142,0
4.1802575895679075,3.108013320758158,1.188468163237387,8.849065151902119,breed,142,0
4.9299116740331606,2.091181475719597,1.3463532790446218,7.292579504982082,natural,142,0
4.162207697499562,3.1241934629981274,1.257111052964261,8.853096014942336,natural,143,0
4.27931481291613,3.817376959488755,1.790799166571318,8.416763354801803,energy,143,0
2.585152519143828,3.9476220872118093,1.0,7.705292802297698,breed,143,0
4.330156653006574,3.4852390339574004,1.6401926873793524,8.532575373955058,breed,144,0
2.3918383197236577,3.4615559778614244,1.6761965178883047,7.768175359543508,breed,144,0
2.6020439117490697,3.400329637083365,1.0349925802391882,8.710368392266888,energy,144,0
4.9475685279795405,4.492926458096973,1.5287879254118377,7.8241938509899445,breed,145,0
2.3526904709753262,3.9924006170849005,1.296898647865065,7.512368473819875,natural,146,0
4.746682762063668,2.113878775345825,1.0393593027267523,7.62292175549077,natural,147,0
4.1300605172828835,3.524006475945532,1.0,5.971681382680388,natural,147,0
4.069464996819725,3.178852321566017,1.389880970354973,8.936123804741161,natural,147,0
4.710655278347995,4.657607632033176,1.0,7.771087446782479,natural,148,0
2.1253029163419415,3.1187505114480176,1.0,7.286114522098979,breed,150,0
4.833568029298146,2.2563077522189436,1.502250710915375,7.684987483480745,breed,151,0
2.9590114249688426,1.2903396155322193,1.174404365926301,10.0,natural,151,0
2.5087897999911872,3.6378890374240513,1.495089029296037,8.198889757038568,natural,151,0
4.813582979499743,4.726060032509855,1.1607957089322156,7.856022600054249,natural,151,0
4.761197967866324,2.370805201354548,1.504568870706888,5.196194837435011,natural,152,0
2.3113097041175195,3.9486895301432923,1.0,7.465257148802348,breed,152,0
3.9316237619459637,3.791469947612994,1.0092053108285923,5.951954566970336,natural,153,0
3.809292227877604,2.9531901065736146,1.49392638954198,8.99749125705734,breed,154,0
4.187141564656555,3.4422861151540034,1.0,8.113579360011796,breed,154,0
4.11713389062425,3.494053238041252,1.5241194649297483,8.673879973881736,natural,154,0
4.181264396660424,3.5265411537045694,1.8313280691764962,8.300310092557288,natural,155,0
4.182410254218809,3.712614820684985,1.5402858129463106,8.398856795744903,energy,156,0
5.0,4.623115894960157,1.4544073429434359,7.856614043591983,breed,156,0
4.45242857320069,3.4748412729160125,1.8536528209097356,8.372009241547222,energy,156,0
2.424423517857684,3.3981920958993093,2.0397989120383277,7.759147690669873,energy,158,0
2.2224198279506684,3.636146663374078,1.0,7.753775517082985,energy,158,0
2.3382721776667577,3.0130757702970623,1.162535344768572,7.2543565663919045,natural,158,0
2.408633933789433,3.9135279202174744,1.139464065152414,7.418692188421914,breed,159,0
4.757382123955421,2.194398414949323,1.9364676680341226,4.406672305187223,breed,159,0
2.211443494572678,3.9128296231968718,1.0,7.2863494174579,natural,160,0
3.674306672403028,2.9684340694316766,1.5316307102749798,8.777442655492054,natural,162,0
2.6526704146736426,4.079934709364032,1.0,7.955225029018981,breed,162,0
3.7564616932837724,2.856548432246565,1.4060589997783506,8.81457641625118,natural,163,0
2.5761290259619027,4.046173553345558,1.0,7.515389680143688,natural,163,0
4.160993310020812,3.4404037504286755,1.280127261649671,8.46570579915389,natural,164,0
3.9659314638907914,3.7394453935096394,1.0,8.469384869499475,breed,164,0
3.89118943499629,4.237173495318788,1.2309323568615629,5.319228571702241,breed,164,0
4.765159407271859,4.656147382309526,1.395719958480448,7.949374900872552,natural,164,0
2.242266937494003,3.7260451944433246,1.0,7.899206903936131,energy,165,0
4.078556561877432,3.1641088235328683,1.4450959559577388,9.11370093216164,breed,165,0
4.525351387641479,4.34061433016075,1.0,7.830808333355478,natural,165,0
2.798100848384169,4.344186722383696,1.3297236488474997,7.754688961658369,natural,166,0
4.885190580050197,2.304668795606815,1.7357047132515597,7.952509031346732,breed,166,0
2.3294695138747907,3.7199124935407855,1.0,7.4559370775706935,energy,167,0
2.0965672451877975,2.902882967104719,1.0,7.4883206356913306,natural,168,0
4.082029551962719,3.2214750127931526,1.3970409048959473,8.908977559042428,natural,171,0
4.695054883128633,2.3345786255012557,1.7348550853260511,8.013967911302373,breed,171,0
4.14603110310204,3.7471834989284374,1.0,8.887297604613623,natural,171,0
2.2943059490968056,3.7205235556607823,1.9154511860598822,7.837887844949963,breed,171,0
5.0,2.1952290597179545,1.4838592698335857,7.3338454554228685,natural,172,0
3.932008267664029,3.952524413014598,1.5681863325478287,5.498973009768129,breed,172,0
4.134792435436157,3.7248434131327537,1.7045321448059303,8.389316404928104,natural,172,0
2.802488087074587,3.665712243493898,1.0,8.056620327296624,breed,173,0
4.014727244705572,3.6715576772822653,1.0,7.905284114409749,breed,173,0
3.960642834258674,4.14327133503563,1.0,5.099211853593325,natural,173,0
4.600120943293542,2.220106354272758,2.337214902297099,5.174256613397369,natural,173,0
4.458535692138409,4.158155856164923,1.8641325648464109,9.838346704267222,natural,174,0
4.847597575108821,2.1127261177124255,1.6631667637066152,7.6983121705692374,natural,174,0
4.672271330309451,2.390519286092207,2.0561800133195423,4.104399620117895,breed,175,0
5.0,4.76266923615744,1.1723413107814307,8.112027167084085,breed,176,0
2.5649856632397263,3.837600886945253,1.0,7.335250857514369,breed,177,0
2.0804559114262453,3.5847852698350393,2.1908498081688057,7.431317445010484,energy,177,0
2.7846838989963087,3.4355284357846245,1.0,8.380576134536629,natural,177,0
4.830587331462122,2.3321108840072315,1.8854994676714325,5.1250004768683475,breed,177,0
4.748256000357163,2.4429623230132176,2.1676948632463398,4.870115369039659,natural,178,0
2.5643663824282923,3.945235035729252,1.0,7.148786025414884,breed,178,0
4.353904413014042,3.4815414772774598,1.0,8.51727684228915,breed,179,0
4.468515577834809,3.5936272374735543,1.0,8.094528799531489,natural,180,0
2.7804986494274235,3.5040745736005303,1.0005726879535617,7.643591857402793,breed,181,0
4.571718812164086,2.054756896560617,1.6983380390544465,8.454064719538536,natural,181,0
3.8002527579802963,3.9317273562404935,1.258266498863453,7.6470878051795825,natural,181,0
2.4541557388242436,3.672659299432076,1.1696020990499436,7.185585043680096,breed,182,0
2.2154314304280063,3.7801867265321305,1.6967621960344703,7.548183762757798,breed,182,0
4.5002549575716575,1.9295635384544016,1.6859246233750382,8.158718761565915,breed,183,0
2.9670521235061234,3.9598270609487725,1.1764101273706764,7.608212490210706,breed,184,0
3.9084285850789398,3.7947715864234426,1.0,8.614242774904993,breed,184,0
4.903060507965434,2.512143398773465,1.178088573612531,7.627114597509849,breed,185,0
4.857191925557974,4.22123091294261,1.5016798142878591,7.849247042378044,natural,185,0
3.0602508620086035,3.7415389585508,1.4128239124318447,7.731003970161976,natural,187,0
4.648663681263858,1.9982759731954032,1.7548242650228332,8.181220038817369,breed,187,0
4.391982202274206,3.0986136566576405,1.3972816727391622,8.599138432699624,natural,187,0
2.170131367873996,3.931083382328553,1.5456183514850574,7.358979940041821,energy,187,0
4.200542360667602,3.469704932800803,1.287707786692228,8.70367046918632,natural,187,0
2.0435669848686944,3.2849651606343464,1.0,7.599315801949377,breed,188,0
4.975412159405699,2.3146327745155544,1.8555219662590559,4.000359231319872,natural,188,0
2.5977329508635796,4.37657633789111,1.1504156947688537,7.557043397696696,breed,188,0
2.118368991387591,3.6392009505029828,1.590333029724875,7.563973176295056,breed,188,0
3.894406438540317,4.057565599065418,1.2380429880637125,5.532738632003998,natural,188,0
2.755286388001867,4.276692676708817,1.0,7.108119986464223,natural,189,0
2.352586353382339,3.661068402813659,1.8462244729753199,7.398502588228103,natural,189,0
4.718545595946759,2.4669487150577734,2.060393320164486,5.052537794914169,natural,189,0
2.6689424875198577,3.802129690461357,1.3177930273976592,7.521407099465908,natural,190,0
4.594749156657303,1.91703359771028,1.404213666580385,8.430522169557198,breed,191,0
2.148781972191972,3.735748191425006,1.3046130250956,7.38011316430609,natural,191,0
4.382812106303038,2.2020411178827737,1.049302500532991,8.387331688838314,breed,192,0
3.038256435373541,3.9595841929201634,1.4192684680079002,7.813760808400988,natural,192,0
5.0,2.2674948265267796,1.4251496152324412,7.919921061180598,natural,192,0
3.9736807446914884,3.499538618851399,1.115650105465758,8.306325385635427,natural,193,0
3.8557908477450256,3.6596285752910243,1.0,7.867494120165786,breed,193,0
4.156743394866559,3.3262047820234844,1.0,8.622033083350356,breed,193,0
2.7472797982831687,3.929626681372082,1.0601342544624757,7.1449852367762166,breed,193,0
2.3884506170506334,3.8971438053411633,2.219661443712164,8.220397139969336,energy,194,0
2.3351128511080166,3.5576237494420884,1.2558655321420211,7.139472021415385,breed,194,0
2.536519789335911,3.783292868898287,1.3624318024527868,7.159440296866999,energy,194,0
2.0,3.3983490644306844,1.0,7.386076777887844,breed,195,0
2.2758276739952845,3.6363342217599404,1.2533869011359096,6.791495512104282,energy,195,0
2.354111001532958,3.8565100675949515,1.1417745274743438,7.045479726494257,energy,195,0
2.0858820698243523,3.533098740904719,1.7452866847316297,7.967276320205284,natural,195,0
4.998852397431911,2.2385265237927117,1.0,7.684338870341034,natural,196,0
2.2195225182008462,3.443693801905441,1.0,7.569847135219732,natural,196,0
2.8051601483800925,4.407473074698452,1.4345275646821942,7.724196531806225,breed,197,0
4.544067433285475,4.016748667683411,2.2507403029858093,9.742204211342628,breed,197,0
4.51831841975423,2.4124923262834734,2.367552890832236,4.0,natural,197,0
4.929667726499247,2.4941803971151,1.4582231559970733,8.193574579730926,breed,198,0
2.6737369828347135,3.8415841833477145,1.1795588349697386,7.444380043812742,natural,198,0
3.8554205614962593,4.024240355246651,1.0,8.969667987648052,natural,198,0
4.026639459720514,3.805439326056762,1.584761548434175,5.294298278958759,natural,199,0
2.0205154311592746,3.1806614911005724,1.3220082575586116,7.53666167948668,breed,199,0
3.0102990871822213,3.6606481569192053,1.3827552592821266,7.670100957288962,natural,199,0
2.5788844723502704,4.592309459940043,1.3997945143693864,7.363080320066482,energy,200,0
3.7383401301702968,4.245612867228591,1.2495293573534125,5.657535643347082,natural,200,0
5.0,2.3901532861241637,1.512007255810612,7.436115194867141,breed,201,0
2.0,3.4946090463979567,1.1642613003388558,7.614083273271587,energy,202,0
4.180996126583285,2.1418612870869773,1.1108008716990723,8.35368307044021,breed,202,0
2.8401230710031107,4.210403258209478,1.7120965322616484,7.343358900992342,energy,202,0
2.848720150704787,3.2453200854940016,1.1710932050447314,7.275957025804189,energy,202,0
4.521967371775574,3.297683765502539,1.3218886321676095,8.517529101332174,natural,202,0
4.946714165987734,2.3073563523833602,1.5033176632910938,7.69268116652457,energy,203,0
2.9557696669563787,3.282245809226642,1.0,7.615062436994363,breed,204,0
2.6208749934743105,3.648788325649404,1.0,7.464970841530328,natural,204,0
3.861639648045745,3.592283600437206,1.0,9.013644114908196,natural,205,0
2.067975903899363,3.1063320647322397,1.5249762866315264,7.224569426312924,energy,205,0
3.9919591872926166,3.675712988593105,1.216979029409721,8.152387895273858,natural,205,0
5.0,4.601566282068737,1.4092328205756877,7.740002614310895,natural,206,0
4.763078320304455,2.5953446499716306,1.2621176958111617,8.516040799120539,natural,206,0
4.678557694788307,4.110051026773666,2.248761490535496,9.393417496733575,energy,206,0
2.9696677382557084,4.481199866909837,1.4033170350785784,7.331423701910025,natural,207,0
2.0,3.661570354878225,1.0,7.368910078496289,energy,207,0
2.0778105895410834,3.3086699017174914,1.0,7.829906606572957,energy,207,0
2.0,3.359389934313384,1.2770051016377195,7.21216826184535,energy,207,0
4.425452620613726,4.1332554083975115,2.2147013038451764,9.705843186041673,energy,207,0
3.7638089873937015,3.860381872930695,1.197981515428491,5.142800714182035,natural,208,0
5.0,4.630759566404405,1.0265034846188705,7.868849835413214,breed,208,0
4.2451650349071945,3.14276923670126,1.0,8.484197829814018,energy,208,0
2.830206881619433,4.15625392359928,1.0,6.725610956310974,energy,209,0
2.0,3.186937353120529,1.5323964719377046,7.74428743855689,energy,209,0
3.925403502398594,3.8793573160830666,1.0,7.73853312698791,breed,209,0
2.6331108345713403,3.809295748742717,1.0,7.178428478615144,natural,209,0
3.8534730856958586,3.7247233197199843,1.2921063819683376,7.347628106763479,natural,210,0
3.0223472782502427,3.047023016299083,1.0,8.022966591231476,natural,210,0
2.779787953942984,4.624846937561084,1.3220221078769243,8.12987679174456,breed,211,0
2.9670389376261994,4.065698323778182,1.0,7.352867367599139,energy,211,0
2.5570534845704795,3.8051429234029994,1.0,7.313422400687391,energy,212,0
4.227311522173277,2.3098112275932348,1.237242682990092,8.381112178341798,breed,212,0
4.696061343095336,3.7492793056665152,2.1830775151579087,9.62016610858676,energy,213,0
3.763453717553114,3.992063210047547,1.3586788323843086,7.7695827053338435,natural,214,0
2.439153252318361,3.8409402956068535,1.0108328987554942,6.8867791131661935,breed,215,0
4.62929960260134,2.424570133186549,1.955998395570993,4.4240890440319305,breed,215,0
2.6323408258069474,4.498789671596193,1.5581642206870994,8.221684005643189,natural,215,0
3.8446603987833927,3.4906995572578143,1.1443480109261377,7.964308743202186,breed,216,0
4.1579515759284265,3.108369332520864,1.4307955035485924,9.365086067249996,natural,216,0
2.8659800393696915,4.700081720354761,1.6548918968790614,8.242019750855484,energy,216,0
4.280387781641581,3.1130473774991883,1.333343276286032,8.836228798452025,natural,216,0
3.0690104289006483,3.22779439522626,1.2762010659806455,7.973775910557029,breed,218,0
4.827650417119758,4.519170394968632,1.4547262261178482,8.187166555457868,breed,219,0
2.0,3.094312130947851,1.58842068689546,7.784278303757079,breed,219,0
2.9704551893358526,3.0307727068788988,1.1933353000496507,7.783852613230029,natural,219,0
4.3390221711678025,2.1736189441315528,1.1892601181048814,7.954236049173136,breed,219,0
2.0,3.015583927273889,1.3406159991538962,7.997303689520851,natural,220,0
2.7508054847560683,4.479039180466456,1.0656411739660094,7.961955105593845,breed,220,0
3.0727193002292807,3.0899169709216787,1.0,7.272667597809623,breed,220,0
4.186890509803033,3.1885874033057284,1.3284726071848505,8.291818579186558,natural,220,0
2.570938372662293,3.5851897574174147,1.0,6.599710768077426,breed,222,0
2.2227709383335617,3.1112324292850313,1.6463475022756924,7.830229577392641,breed,223,0
3.9508675226216905,3.878622696861343,1.0,7.543193219101021,natural,224,0
4.238676933398561,2.122785486917971,1.2621737793019085,8.541607823235864,natural,224,0
2.463294560681721,3.718722144326769,1.335099637853697,7.421415959093845,breed,224,0
5.0,2.216331559030497,1.8300263966069976,8.041716269773538,breed,225,0
5.0,4.921853854087851,1.0,8.066759569572751,natural,225,0
2.6086685200873334,4.0777087539715104,1.1940152472571421,6.8452975445634054,breed,226,0
4.953252798031838,2.5661700239439655,1.32708979437367,7.323106922001905,natural,226,0
2.221815434439204,3.9136050084450984,1.0,7.158057767411464,breed,226,0
2.30609300723026,3.288506507782412,1.3212579559261435,7.283222382771938,breed,226,0
2.9253529295118272,3.3003277599014265,1.0209171929809409,7.116617778835326,natural,226,0
3.923591028678329,3.4461410951811082,1.2288146632145152,7.634786613821223,natural,226,0
4.128431928073706,3.4501695253929063,1.168221164291551,8.75415252209348,breed,227,0
2.8706951720960157,3.031560082030821,1.3854149461068264,7.71547979960385,natural,227,0
2.395256537643174,3.846784904335861,1.509082999631725,7.638613890639684,natural,227,0
2.0441067986713626,3.25953958103942,1.947125163230849,7.510083721402377,energy,229,0
2.3077778816553134,3.3740852181895615,1.8405436820827563,7.4868052270023115,energy,229,0
4.354385598821445,2.103685826645447,1.0,8.671064288885887,breed,230,0
2.583876912558913,4.40970107116634,1.4229805289873907,7.944744730094945,breed,230,0
2.5509497556298215,4.249347951987183,1.391231285034468,7.10105372873703,breed,231,0
4.045110495532238,3.3676215085698935,1.0827668288015075,7.636294173698161,breed,232,0
4.270594225125053,3.5782275223856277,1.1128363521578075,8.716571694876555,breed,232,0
2.544140331868541,4.575355765720719,1.0,7.740566189784751,energy,232,0
4.841667532045932,4.660542803864722,1.7846361218358417,7.915271682888021,natural,232,0
4.736501021901963,2.217559033662635,1.717832907926589,4.272926063995908,breed,233,0
2.0721096941678443,2.867227306268275,1.4171771102696287,7.733194191591542,breed,233,0
4.321109021077262,3.2060867101096386,1.3684424049180806,8.965301415920887,breed,234,0
3.0447590213286793,3.096869755266722,1.0,8.164876424039631,breed,234,0
4.022069222698547,3.0470974559695723,1.0,8.366455782996573,breed,234,0
4.064201792010973,3.23985913935097,1.2609988076745742,9.023383541487718,natural,234,0
2.438687105834433,3.4081045417585694,1.177675759235557,7.128776356927094,natural,234,0
5.0,2.3559816154005397,1.7620210560624276,8.480864547419081,breed,234,0
4.1694912958580215,2.835615172724669,1.3456153569439007,8.510807588971318,natural,235,0
3.763094221883186,3.338155926352846,1.2314296679768506,7.8019141350931225,breed,235,0
4.078649264765232,3.3316072511904764,1.4728104485105138,8.64648877105773,natural,235,0
4.182177682415222,3.3647143651365488,1.4370222305001148,7.475006251756809,natural,235,0
2.9198778795465388,3.2391803876906966,1.2820109049310247,7.091924516215082,breed,235,0
4.969788206130845,4.788299968629332,1.6786469157130435,8.126652860082844,energy,236,0
2.131242067884015,2.676498781655664,1.2448000024542687,7.9404743174554255,breed,236,0
3.9053436543042754,3.3997835224932196,1.5042046911763824,7.5963320576620825,natural,236,0
4.8870748183503565,4.432953349080638,1.3930494989914364,8.223786899402887,natural,236,0
2.4124091470488773,3.234239305467371,1.5426152124726373,7.761238751754721,natural,236,0
2.805326873110494,4.229916350518063,1.688266203993069,8.118435877683773,energy,236,0
3.860182496670409,3.19188787887414,1.3652374119508432,7.819085297463516,energy,236,0
4.200493134908191,2.3077964834971123,1.0,7.959894338430485,breed,237,0
5.0,2.304173154292245,1.825582189402498,7.270906615299466,breed,237,0
3.210412947964817,2.8486752643539015,1.0,8.365834226133618,natural,237,0
3.2973263488683737,3.313351443229231,1.3495275878464217,7.661453832104439,energy,237,0
2.6509262230438404,3.3585777086702144,1.0,6.478984985419573,breed,237,0
2.7171489649722047,4.543025158104612,1.6322933259225445,7.4416727168678065,natural,238,0
2.2244357660696297,3.131193157068602,1.28824385551765,7.7144211123350175,breed,238,0
2.5925481471147322,4.176716806197318,1.0511547617772417,7.088362570871519,energy,238,0
4.182159416234916,2.994837347583172,1.4363314211483829,8.683037240237045,natural,239,0
2.4556246497742853,3.754426793599093,1.0,6.431870488753614,natural,240,0
4.043805382682909,2.9712283099482524,1.2490985346957602,8.43231333278281,natural,241,0
5.0,2.1898438786909526,1.5240041858497477,8.462109985787983,natural,242,0
4.486883294541651,2.024836852158722,1.1745450134781912,7.866412507913331,breed,242,0
2.168942843203667,3.2299576760673316,1.5641716819564344,8.087660615913435,natural,243,0
2.2155654776034255,3.987224571266907,1.0,7.605443593431585,energy,243,0
2.782580832770061,4.546126705735672,1.3259920128727158,7.852624313043111,energy,243,0
3.214512104101353,2.8502165992190642,1.2646245662347653,7.918118057028272,natural,243,0
2.273219205539187,3.6977040628197857,1.0,7.1482574062848885,energy,244,0
2.5130535632788877,4.0949061736561605,1.0,6.620675763647021,breed,244,0
2.325313067563438,3.5496450461128672,1.1580834824694672,6.836883660782124,breed,245,0
3.587159084338075,3.2850676916501684,1.0,7.780250409837057,natural,246,0
2.444143672009601,3.6605366539279887,1.6092384323752196,7.409301079489721,energy,246,0
3.1141110230661555,3.382728685594164,1.0739149241480626,8.457474996731875,breed,246,0
4.2325527240045195,3.6495010308314573,1.2121929709843002,7.516445789135096,breed,246,0
2.374219087586989,4.1904707563513695,1.7406173648131318,7.16013807079558,energy,247,0
2.185451071021175,4.1015527450679015,1.0148778741140037,7.17002199449591,breed,248,0
2.1023642166083785,3.5153247244406276,1.6184501111795744,7.638508319861259,energy,248,0
2.533048972066859,3.6091382006584234,1.6975444600424625,7.1248984292063575,breed,248,0
2.718780439600435,4.424291345171494,1.363987714464787,7.9750387448221245,natural,249,0
4.434924099952827,2.613676443852458,1.8649230971570214,4.219590051196488,natural,250,0
2.6858411753713325,3.661182277050415,1.4132806590284246,6.912629958981471,natural,250,0
